{"cameraMode":{"drawMode":0,"name":"Shaded","section":"Shading Mode"},"sceneLighting":false,"audioPlay":false,"sceneViewState":{"showFog":false,"showMaterialUpdate":false,"showSkybox":false,"showFlares":false,"showImageEffects":false,"showParticleSystems":false,"showVisualEffectGraphs":true,"m_FxEnabled":true},"in2DMode":false,"pivot":{"x":-0.4366164207458496,"y":0.9797282218933106,"z":-0.14795386791229249},"rotation":{"x":-0.008210225962102414,"y":-0.9913514256477356,"z":-0.07658718526363373,"w":0.10627713799476624},"size":1.869929552078247,"orthographic":false}